ID,名前,ルビ,画像URL,分類,処分方法,ステーション収集,クリーンセンター持込,キーワード1,キーワード2,キーワード3,キーワード4,キーワード5,lock_version,作成日時,更新日時
1,雨傘,あまがさ,amagasa.gif,7,布、ビニールは取り外し、もえるごみとして出してください。,?,,雨,かさ,かっぱ,,,0,Mon Sep 03 23:42:09 +0900 2012,Mon Sep 03 23:42:09 +0900 2012
2,雨具,あまぐ,amagu.gif,10,,○,,雨,かさ,かっぱ,,,0,Mon Sep 03 23:42:09 +0900 2012,Mon Sep 03 23:42:09 +0900 2012
3,長靴,ながぐつ,nagagutsu.gif,10,,○,,雨,かさ,かっぱ,,,0,Mon Sep 03 23:42:09 +0900 2012,Mon Sep 03 23:42:09 +0900 2012
,アイロン,,,7,,○,×,,,,,,,,
,アイスノン（冷却枕）,,,10,,○,○,,,,,,,,
,アイロン台,,,,金属部分は取り外してください。,×,○,,,,,,,,
,アクセサリー類,,,11,,○,○,,,,,,,,
,アコーディオンカーテン,,,,許可業者に処理を依頼してください。,×,×,,,,,,,,
,足ふきマット,あしふきまっと,,10,指定袋に入らない場合は、クリーンセンターへ持ち込んでください。,○,○,雨,,,,,,,
,アタッシュケース（革・布）,,,,,×,○,,,,,,,,
,アタッシュケース（金属）,,,,許可業者に処理を依頼してください。,×,×,,,,,,,,
,油（食用油）,しょくようあぶら,,9,各区の指定場所に、設置するポリタンクへ移し替えてください持込時間8:00～10:00)（６ページ参照）,指定場所,○,バーベキュー,,,,,,,
,油（ラード・動物性）,らーど,,10,固めるか、布、紙等に染み込ませてもえるごみで出してください。,○,○,バーベキュー,,,,,,,
,油（食用）のボトル（びん）,,,6,油をよく切って、びんの色別に分別して出してください。,○,×,バーベキュー,,,,,,,
,油（食用）のボトル(プラスチック製）,,,1,中をきれいにして出してください。中身の油がとれない場合はもえるごみで出してください。,○,×,バーベキュー,,,,,,,
,油（食用）のボトルのふた,,,1,,○,×,バーベキュー,,,,,,,
,油（食用）のボトル（プラスチック製）のラベル,,,1,,○,×,バーベキュー,,,,,,,
,油缶,,,4,油をよく切って、素材別（スチール・アルミ）に回収容器へ入れてください。,○,×,バーベキュー,,,,,,,
,油紙,,,10,,○,○,,,,,,,,
,雨具（カッパ）,あまぐ,,10,,○,○,雨,傘,,,,,,
,雨戸,あまど,,,許可業者に処理を依頼してください。,×,×,雨,,,,,,,
,編み機,,,,許可業者に処理を依頼してください。,×,×,,,,,,,,
,網戸（アルミ製）,,,,許可業者に処理を依頼してください。,×,×,,,,,,,,
,網戸（プラスチック製）,,,,戸枠と網の部分を解体し、クリーンセンターへ持ち込んでください。,×,○,,,,,,,,
,アルバム,,,10,金属部分は外し、資源物（その他金属）で出し、紙の部分は、ばらしてもえるごみとして出してください。,○,○,,,,,,,,
,アルミ缶,,,4,,○,×,バーベキュー,,,,,,,
,アルミガード（レンジ回り）,,,11,,○,○,,,,,,,,
,アルミサッシ,,,,許可業者に処理を依頼してください。,×,×,,,,,,,,
,アルミホイル（アルミ箔）,,,11,,○,○,バーベキュー,,,,,,,
,アルミホイルの箱・芯,,,2,その他紙類の分類で出してください。,○,×,バーベキュー,,,,,,,
,アルミホイルの箱の刃（金属製）,,,7,,○,×,バーベキュー,,,,,,,
,アルミホイルの箱の刃（プラスチック製）,,,10,,○,○,バーベキュー,,,,,,,
,アルミ鍋,あるみなべ,,7,持ち手、取っ手は外す必要はありません。,○,×,バーベキュー,,,,,,,
,あんか（電気）,,,7,,○,×,,,,,,,,
,安全ピン,,,7,,○,×,,,,,,,,
,アンテナ（金属製）,,,7,,○,×,,,,,,,,
,アンテナ（パラボラ）,,,7,,○,×,,,,,,,,
,アンプ,,,7,,○,×,,,,,,,,
,石,,,,許可業者に処理を依頼してください。,×,×,,,,,,,,
,石綿（あんか等の耐熱材）,,,11,,○,○,,,,,,,,
,衣装箱(木製・プラスチック製）,,,,木製の場合は壊して持ち込んでください。（壊せない場合は許可業者）,×,○,,,,,,,,
,衣裳箱（金属製）,,,7,,○,×,,,,,,,,
,いす（木製）,,,,壊して持ち込んでください。（壊せない場合は許可業者）,×,○,,,,,,,,
,いす（複合素材）,,,,許可業者に処理を依頼してください。,×,×,,,,,,,,
,いす（プラスチック製）,,,10,,×,○,,,,,,,,
,板又は丸木,,,,太さ5cm、長さ2ｍ以内に裁断し、直径60㎝程度に束ねてクリーンセンターへ持ち込んでください。,×,○,バーベキュー,材木,,,,,,
,一輪車（農業用）,,,,許可業者に処理を依頼してください。,×,×,,,,,,,,
,一輪車（玩具用）,,,7,タイヤ、サドルは付いたまま出せます。,○,×,,,,,,,,
,一升びん,,,6,汚れのないもの。,○,×,バーベキュー,酒,,,,,,
,一斗缶,,,4,油缶などは必ず油切りした後、回収容器に入れてください。,○,×,バーベキュー,醤油,油,,,,,
,衣類,,,10,※指定１6品目以外は、さい断してもえるごみで出してください（４ページ参照）,○,○,,,,,,,,
,イヤホン,,,11,,○,○,,,,,,,,
,入れ歯,,,11,,○,○,,,,,,,,
,印鑑（木製・プラスチック）,,,10,,○,○,,,,,,,,
,インク（リボン・カートリッジ）,,,10,リサイクル可能なプリンターカートリッジは、販売店の店頭回収へ出してください。,○,○,,,,,,,,
,インク（ガラス容器）,,,11,中身を使い切って出してください。残ってしまったインクは、布等に染み込ませて、もえるごみで出してください。,○,○,,,,,,,,
,ウィスキー・ブランデーのびん,,,6,中を水ですすぎ色別のコンテナに入れてください。,○,×,バーベキュー,酒,,,,,,
,ウォークマン（テープ・ＣＤ・ＭＤ）,,,7,テープ、ＣD、MDはもえるごみで出してください。,○,×,,,,,,,,
,植木鉢（陶器）,,,11,大型のものは細かく割って出し、指定袋に入らない物はクリーンセンターへ持ち込んでください。,○,○,,,,,,,,
,植木鉢（プラスチック製）,,,10,指定袋に入らない場合はクリーンセンターへ持ち込んでください。,○,○,,,,,,,,
,植木用支柱（プラスチック製）,,,10,指定袋に入らない場合はクリーンセンターへ持ち込んでください。,○,○,,,,,,,,
,植木用支柱（金属）,,,7,１ｍ以内に折り曲げるか切って出してください。（折り曲げられない又は切れない場合は許可業者）,○,×,,,,,,,,
,浮き輪,,,10,,○,○,,,,,,,,
,ウレタンマット,,,10,指定袋に入らない場合、裁断できない場合はクリーンセンターへ持ち込んでください。,○,○,,,,,,,,
,運動着,,,10,,○,○,,,,,,,,
,エアコン（家庭用）,,,,家電リサイクル法対象家電（11ページ参照）,×,×,,,,,,,,
,液晶テレビ,,,,家電リサイクル法対象家電（11ページ参照）,×,×,,,,,,,,
,エレクトーン,,,,許可業者に処理を依頼してください。,×,×,,,,,,,,
,鉛筆,,,10,,○,○,,,,,,,,
,鉛筆けずり機（金属性）手動式・電動式）,,,7,受け皿のプラスチック部分はもえるごみで出してください。,○,×,,,,,,,,
,塩ビパイプ,,,,クリーンセンターへ持ち込んでください。,×,○,,,,,,,,
,絵本,,,2,本・雑誌の分類で出してください。,○,×,,,,,,,,
,絵の具のチューブ（プラスチック）,,,1,中をきれいにして出してください。中身が残っているものはもえるごみで出してください。,○,×,,,,,,,,
,絵の具のチューブ金属製）,,,11,使いきって出してください。,○,○,,,,,,,,
,延長コード,,,7,ドラムのないものに限ります。,○,×,,,,,,,,
,オイル（エンジンオイル）,,,,販売店または許可業者に処理を依頼してください。,×,×,,,,,,,,
,オイル缶,,,4,オイルを切り、一斗缶までの大きさまで出せます。,○,×,,,,,,,,
,オイルヒーター,,,7,,○,×,,,,,,,,
,応接セット,,,,許可業者に処理を依頼してください。,×,×,,,,,,,,
,桶（木製・プラスチック製）,,,10,指定袋に入らない場合はクリーンセンターへ持ち込んでください。,○,○,,,,,,,,
,おたま（金属製）,,,7,,○,×,,,,,,,,
,オートバイ,,,,販売店へ処理を依頼してください。（１２ページ参照）,×,×,,,,,,,,
,オーブントースター,,,7,,○,×,,,,,,,,
,落ち葉,,,8,砂利、プラスチック等異物を取り除いて透明なビニール袋に入れください。混ざった場合は、もえるごみ指定袋でもえるごみとして出してください。,○,○,,,,,,,,
,汚泥,,,,許可業者に処理を依頼してください。,×,×,,,,,,,,
,お盆木製・プラスチック製）,,,10,指定袋に入らない場合はクリーンセンターへ持ち込んでください。,○,○,,,,,,,,
,おまる,,,,,×,○,,,,,,,,
,おむつ（紙・布）,,,10,汚物は取り除いて汚物として処理してください。,○,○,,,,,,,,
,おもちゃ（プラスチック、木製）,,,10,指定袋に入らないものはクリーンセンターへ持ち込んでください。,○,○,,,,,,,,
,おもちゃ（複合素材製）,,,11,指定袋に入らない場合は、クリーンセンターへ持ち込んでください。,○,○,,,,,,,,
,オルガン,,,,許可業者に処理を依頼してください。,×,×,,,,,,,,
,オルゴール,,,11,乾電池は取り外して出してください。,○,○,,,,,,,,
,おろしがね（金属製）,,,7,,○,×,,,,,,,,
,おろしがね（プラスチック製）,,,10,,○,○,,,,,,,,
,おろしがねセラッミックス製）,,,11,,○,○,,,,,,,,
,温度計（アルコール）,,,11,,○,○,,,,,,,,
,温度計（水銀）,,,12,,○,○,,,,,,,,
,懐中電灯,,,7,電池を取り除いて出してください。,○,×,バーベキュー,,,,,,,
,カーオーディオ,,,7,,○,×,,,,,,,,
,カーテン,,,10,指定袋に入らない場合はクリーンセンターへ持ち込んでください。,○,○,,,,,,,,
,カーペット,,,,６畳以上の物は半分に切って、クリーンセンターへ持ち込んでください。,×,○,,,,,,,,
,カーボン紙,,,10,,○,○,,,,,,,,
,貝殻,かいがら,,10,貝殻の置物はうめたてごみで出してください。,○,○,バーベキュー,海,あさり,しじみ,さざえ,,,
,カイロ（使いきり型）,,,10,,○,○,,,,,,,,
,鏡,,,11,,○,○,,,,,,,,
,額縁（外枠）,,,10,指定袋に入る大きさにして出してください。ガラスはうめたてごみで出してください。,○,○,,,,,,,,
,家具,,,,許可業者に処理を依頼するか、ガラスと金属をとり、板状にしてクリーンセンターへ持ち込んでください。,×,○,,,,,,,,
,傘,かさ,,7,布、ビニールは取り外し、、もえるごみとして出してください。,○,×,雨,,,,,,,
,加湿器,,,7,,○,×,,,,,,,,
,ガステーブル,,,7,乾電池は、抜いて出してください。,○,×,,,,,,,,
,ガスボンベ（カセット）,,,4,使い切った後、穴開け道具等で穴を開け、必ずガスを抜いてステーションの回収容器に入れてください。,○,×,バーベキュー,鍋,,,,,,
,カセットコンロ,,,7,ガスボンベは必ず外して出してください。,○,×,バーベキュー,鍋,,,,,,
,ガス湯沸し器（家庭用）,,,7,,○,×,,,,,,,,
,カセットテープ,,,10,,○,○,,,,,,,,
,カセットデッキ,,,7,,○,×,,,,,,,,
,カッターナイフ（刃）,,,7,,○,×,,,,,,,,
,カッターナイフ（本体）,,,11,,○,○,,,,,,,,
,かばん,,,10,,○,○,,,,,,,,
,画鋲,,,7,,○,×,,,,,,,,
,花瓶（陶器・ガラス）,,,11,,○,○,,,,,,,,
,鎌,,,7,,○,×,,,,,,,,
,紙パック（内側にアルミのコーティングが無いもの）,,,2,紙パックの分類で出してください。,○,×,バーベキュー,,,,,,,
,紙パック（内側にアルミコーティングのあるもの）,,,10,,○,○,バーベキュー,,,,,,,
,カミソリT型プラスチック製）,,,10,刃を取り除く必要はありません。,○,○,,,,,,,,
,カミソリ一本型金属製）,,,7,刃もいっしょに資源物（その他金属）で出してください。,○,×,,,,,,,,
,カミソリの刃,,,7,,○,×,,,,,,,,
,紙粘土・油粘土,,,10,少量なものはもえるごみで出してください。多量の場合はクリーンセンターへ持ち込んでください。,○,○,,,,,,,,
,カメラ,,,7,デジタルカメラも含みます。,○,×,,,,,,,,
,カラオケセット,,,7,小型家電類として出してください。（出せるサイズは５ページ参照）,○,×,,,,,,,,
,ガラス板ガラス・コップ・皿）,,,11,,○,○,バーベキュー,,,,,,,
,カラーボックス,,,,板状にしてクリーンセンターへ持ち込んでください。,×,○,,,,,,,,
,軽石,,,11,,○,○,,,,,,,,
,革製品,,,10,,○,○,,,,,,,,
,瓦,,,,許可業者に処理を依頼してください。,×,×,,,,,,,,
,簡易焼却炉,,,,許可業者に処理を依頼してください。,×,×,,,,,,,,
,換気扇,,,7,,○,×,,,,,,,,
,乾燥機（衣類）,,,,家電リサイクル法対象家電（11ページ参照）,×,×,,,,,,,,
,乾燥機（食器）,,,7,,○,×,,,,,,,,
,乾燥剤,かんそうざい,,10,,○,○,雨,,,,,,,
,感熱紙（ＦＡＸ用紙）,,,10,,○,○,,,,,,,,
,缶類,,,4,アルミとスチールに分別し、ごみステーションの回収容器に入れてください。,○,×,バーベキュー,,,,,,,
,牛乳パック,,,2,紙パックの分類で出してください。,○,×,バーベキュー,,,,,,,
,教科書・ノート,,,2,雑誌の分類で出してください。,○,×,,,,,,,,
,給油ポンプ（プラスチック製）,,,10,,○,○,,,,,,,,
,給油ポンプ（電池使用）,,,7,電池は必ず抜いて出してください。,○,×,,,,,,,,
,急須（陶器製）,,,11,,○,○,,,,,,,,
,急須（金属製）,,,7,,○,×,,,,,,,,
,脚立（金属製）,,,7,三段の小さいものはその他金属で出してください。それ以外は許可業者に処理を依頼してください。,○,×,,,,,,,,
,金庫（携帯型に限る）,,,7,,○,×,,,,,,,,
,金庫（その他）,,,,許可業者に処理を依頼してください。,×,×,,,,,,,,
,鏡台,,,,許可業者に処理を依頼してください。,×,×,,,,,,,,
,空気清浄機,,,7,,○,×,,,,,,,,
,釘,,,7,,○,×,,,,,,,,
,草（刈り草）,,,10,刈り草に限り、資源物（せんてい木）の収集日に透明なビニール袋に入れて出してください。根がついたものや砂や土等の異物が混入したものはもえるごみで出してください。,○,○,,,,,,,,
,草刈り機（電動）,,,7,エンジン付草刈機は許可業者に依頼してください。,○,×,,,,,,,,
,鎖,,,7,,○,×,,,,,,,,
,靴（運動靴・登山靴・長靴等）,くつ,,10,,○,○,雨,,,,,,,
,靴べら,,,10,,○,○,,,,,,,,
,クーラーボックス,,,,,×,○,,,,,,,,
,靴下,,,10,,○,○,,,,,,,,
,クッション,,,10,指定袋に入らないものはクリーンセンターへ持ち込んでください。,○,○,,,,,,,,
,グローランプ（点灯管）,,,11,,○,○,,,,,,,,
,グローブ,,,10,,○,○,,,,,,,,
,口紅の容器（プラスチック製）,,,1,使い切って出してください。,○,×,,,,,,,,
,口紅の容器（金属製）,,,7,使い切って出してください。,○,×,,,,,,,,
,クレヨン,,,10,,○,○,,,,,,,,
,蛍光管（電球型蛍光灯を含む）,,,12,割らずに購入時の空箱に入れて出してください。空箱等がない場合は透明な袋に入れて出してください。,○,○,,,,,,,,
,蛍光灯（本体のみ）,,,7,,○,×,,,,,,,,
,蛍光灯のかさ（プラスチック・木製）,,,10,指定袋に入らないものはクリーセンターへ持ち込んでください。,○,○,,,,,,,,
,蛍光ペン,,,10,,○,○,,,,,,,,
,携帯電話,,,,販売店へ処分を依頼してください。,×,×,,,,,,,,
,ゲーム機（家庭用）,,,7,,○,×,,,,,,,,
,ゲームソフト(家庭用）,,,11,,○,○,,,,,,,,
,化粧品のびん,,,6,必ず使いきって出してください。中身を洗っても落ちないもの、乳白色の物、割れた物は、うめたてごみで出してください。,○,×,,,,,,,,
,建築廃材,,,,許可業者に処理を依頼してください。,×,×,,,,,,,,
,鍵盤ハーモニカ,,,11,,○,○,,,,,,,,
,玄関マット,,,10,指定袋に入らないものはクリーセンターへ持ち込んでください。,○,○,,,,,,,,
,工具類（電動は除く）,,,7,電動工具は小型家電類で出してください。,○,×,,,,,,,,
,香水のびん,,,6,必ず使い切ってください。乳白色びんはうめたてごみで出してください。,○,×,,,,,,,,
,ござ,,,10,指定袋に入らないものはクリーンセンターへ持ち込んでください。,○,○,,,,,,,,
,こたつ,,,7,分解して電気部分は資源物（小型家電類）、それ以外はクリーンセンター持ち込んでください。,○,○,,,,,,,,
,こたつ板,,,,,×,○,,,,,,,,
,コップ（ガラス器）,,,11,,○,○,バーベキュー,,,,,,,
,コップ（プラスチック器）,,,10,,○,○,バーベキュー,,,,,,,
,ゴム手袋,,,10,,○,○,,,,,,,,
,コーヒーメーカー本体,,,7,ガラス部分はうめたてごみとして出してください。,○,×,,,,,,,,
,コピー機,,,,許可業者に処理を依頼してください。,×,×,,,,,,,,
,米袋（ビニール製）,,,1,,○,×,,,,,,,,
,米袋（紙製）,,,2,内側がビニールでコーティングされているものは、もえるごみで出してください。,○,×,,,,,,,,
,米びつ（金属製）,,,7,,○,×,,,,,,,,
,ゴルフクラブ,,,,,×,○,,,,,,,,
,ゴルフシューズ,,,10,,○,○,,,,,,,,
,ゴルフバッグ,,,,,×,○,,,,,,,,
,ゴルフボール,,,10,,○,○,,,,,,,,
,コンクリート,,,,許可業者に処理を依頼してください。,×,×,,,,,,,,
,サーフボード,,,,許可業者に処理を依頼してください。,×,×,,,,,,,,
,サイドボード,,,,許可業者に処理を依頼してください。,×,×,,,,,,,,
,財布,,,10,,○,○,,,,,,,,
,作業服,,,10,,○,○,,,,,,,,
,座椅子,,,7,金属部と可燃部分を分解し、金属は「その他金属」、可燃部分は「もえるごみ」で出してください。,○,○,,,,,,,,
,座卓,,,,,×,○,,,,,,,,
,雑誌,,,2,,○,×,,,,,,,,
,座布団,,,,,×,○,,,,,,,,
,皿（陶器、ガラス製）,さら,,11,,○,○,バーベキュー,,,,,,,
,サラダ油の容器（缶）,,,4,油を切って、スチールとアルミに分別し回収容器へ入れてください。,○,×,バーベキュー,,,,,,,
,サラダ油の容器（プラスチック製）,,,1,中をきれいにして出してください。中身の油がとれない場合はもえるごみで出してください。,○,×,バーベキュー,,,,,,,
,ざる（金属製）,,,7,,○,×,,,,,,,,
,ざる（プラスチック製）,,,10,指定袋に入らないものはクリーンセンターへ持ち込んでください。,○,○,,,,,,,,
,サンダル,,,10,,○,○,,,,,,,,
,サングラス,,,11,,○,○,,,,,,,,
,サンドペーパ,,,10,,○,○,,,,,,,,
,三輪車（金属製）,,,7,タイヤ、チューブ、サドル等はついたまま出せます。,○,×,,,,,,,,
,三輪車（プラスチック製）,,,10,,×,○,,,,,,,,
,磁石,,,11,,○,○,,,,,,,,
,ＣＤ（メディア）,,,10,,○,○,,,,,,,,
,ＣＤのケース（プラスチック製）,,,10,,○,○,,,,,,,,
,ＣＤラジカセ,,,7,,○,×,,,,,,,,
,シーツ,,,5,,○,○,,,,,,,,
,漆器,,,10,指定袋に入らないものはクリーンセンターへ持ち込んでください。,○,○,,,,,,,,
,湿布薬,,,10,,○,○,,,,,,,,
,自転車,,,7,タイヤ、チューブ、サドル等はついたまま出せます。,○,×,,,,,,,,
,自動車,,,,販売店、整備業者、解体業者へ依頼してください。（１2ページ参照）,×,×,,,,,,,,
,自動車用キャリア(スキーキャリア),,,,金属製の場合は、許可業者に処理を依頼してください。プラスチック製の場合はクリーンセンターへ持ち込んでください。,×,○,,,,,,,,
,七厘,,,11,解体して、うめたてごみ指定袋に入れて出してください。,○,○,,,,,,,,
,シニアカート手押しタイプ）,,,,,×,○,,,,,,,,
,芝刈り機（家庭用）,,,,許可業者に処理を依頼してください。,×,×,,,,,,,,
,写真用紙,,,10,プリンターによる印刷写真も含まれます。,○,○,,,,,,,,
,シャベル（小型金属製）,,,7,,○,×,,,,,,,,
,シャベル（プラスチック製）,,,10,,○,○,,,,,,,,
,ジューサーミキサー,,,7,,○,×,,,,,,,,
,瞬間湯沸し器,,,7,ＬＰガスを使用する製品をいいます。,○,×,,,,,,,,
,ジョウロ（金属製）,,,7,,○,×,,,,,,,,
,ジョウロ（プラスチック製）,,,10,指定袋に入らない場合はクリーンセンターへ持ち込んでください。,○,○,,,,,,,,
,浄水器,,,11,指定袋に入らない場合はクリーンセンターへ持ち込んでください。,○,○,,,,,,,,
,除草剤,,,,購入先または許可業者へ処理を依頼してください。,×,×,,,,,,,,
,じゅうたん,,,,６畳以上の物は半分に切って、クリーンセンターへ持ち込んでください。,×,○,,,,,,,,
,充電器,,,7,,○,×,,,,,,,,
,充電式電池,,,12,,○,×,,,,,,,,
,消臭剤の容器（陶器製）,,,11,,○,○,,,,,,,,
,消臭剤の容器（プラスチック製）,,,1,,○,×,,,,,,,,
,消火器,,,,販売店に処理を依頼してください。,×,×,,,,,,,,
,照明器具電球・蛍光管除く）,,,7,蛍光管は箱に入れて有害ごみ、白熱電球はうめたてごみ、かさ等は分解後、もえるごみとして出してください。,○,×,,,,,,,,
,書籍,,,2,雑誌の区分として出してください。布張りなどの表紙は取り除いてもえるごみとして出してください。,○,×,,,,,,,,
,食器洗い機食器乾燥機能付）,,,7,,○,×,,,,,,,,
,食器棚,,,,許可業者に処理を依頼してください。板状にした場合はクリーンセンターに持ち込んでください。,×,○,,,,,,,,
,除湿器,,,7,,○,×,,,,,,,,
,新聞紙,しんぶんし,,2,,○,×,バーベキュー,,,,,,,
,水銀入り体温計,,,12,透明な袋に入れて出してください。,○,○,,,,,,,,
,水槽（ガラス・プラスチック製）,,,11,,○,○,,,,,,,,
,水筒（ステンレス製）,すいとう,,7,外側、内側がステンレス製のものに限ります。,○,×,バーベキュー,,,,,,,
,水筒（プラスチック製）,すいとう,,10,,○,○,バーベキュー,,,,,,,
,炊飯器,,,7,小型家電類で出してください。,○,×,,,,,,,,
,スカート,,,5,汚れ、破損のあるものは、もえるごみで出してください。,○,○,,,,,,,,
,スキャナー,,,7,小型家電類で出してください。,○,×,,,,,,,,
,スケート靴,,,11,靴と刃が分離できれば、それぞれもえるごみと、その他金属で出してください。,○,○,,,,,,,,
,スケートボード,,,,,×,○,,,,,,,,
,スコップ,,,7,,○,×,,,,,,,,
,すずり,,,11,,○,○,,,,,,,,
,スーツ（背広）,,,10,,○,○,,,,,,,,
,スーツケース,,,,,×,○,,,,,,,,
,スキー板ストック・スキー靴,,,,,×,○,,,,,,,,
,すだれ,,,,,×,○,,,,,,,,
,スチール缶,,,4,,○,×,,,,,,,,
,ステレオ,,,7,,○,×,,,,,,,,
,スティック（マレット・ゲートボール用）,,,,,×,○,,,,,,,,
,砂,,,,許可業者に処理を依頼してください。,×,×,,,,,,,,
,すのこ（マット製）,,,10,,○,○,,,,,,,,
,すのこ（木製）,,,,板状にしてクリーンセンターへ持ち込んでください。,×,○,,,,,,,,
,スノーボード板,,,,,×,○,,,,,,,,
,スピーカー,,,7,,○,×,,,,,,,,
,スプレー缶,,,4,中身を使いきってから、火の気のない屋外で、穴あけ道具等を使ってガスを抜いて、ステーションの回収容器に入れてください。,○,×,バーベキュー,,,,,,,
,スプーン（金属）,,,7,,○,×,バーベキュー,,,,,,,
,スプーン（プラスチック製）,,,10,,○,○,バーベキュー,,,,,,,
,すべり台（幼児用）,,,,許可業者に処理を依頼してください。,×,×,,,,,,,,
,ズボンプレッサー,,,7,,○,×,,,,,,,,
,炭,すみ,,12,焼却灰は有害ごみとして、クリーンセンターへ持ち込んでください。もえがらのある灰はもえるごみです。,○,○,バーベキュー,,,,,,,
,すり鉢,,,11,,○,○,,,,,,,,
,生花,,,10,,○,○,,,,,,,,
,石油,,,,販売店または許可業者へ依頼してください。,×,×,,,,,,,,
,石膏ボード,,,,許可業者に処理を依頼してください。,×,×,,,,,,,,
,石鹸の外箱,,,10,（臭いがついているため）,○,○,,,,,,,,
,石鹸の個袋（紙製）,,,10,（臭いがついているため）,○,○,,,,,,,,
,せともの,,,11,,○,○,,,,,,,,
,セメント,,,,許可業者に処理を依頼してください。,×,×,,,,,,,,
,洗濯洗剤の紙箱,,,10,（臭いがついているため）,○,○,,,,,,,,
,洗濯洗剤の容器（プラスチック）,,,1,使い切って出してください。,○,×,,,,,,,,
,洗濯機（家庭用）,,,,家電リサイクル法対象家電（11ページ参照）,×,×,,,,,,,,
,洗濯物干し竿（金属製）,,,,許可業者に処理を依頼してください。,×,×,,,,,,,,
,洗濯ばさみ（プラスチック製）,,,10,金属製のものは、その他金属で出してください。,○,○,,,,,,,,
,栓抜き（金属製）,,,7,,○,×,バーベキュー,,,,,,,
,扇風機,,,7,,○,×,,,,,,,,
,洗面器（プラスチック製）,,,10,,○,○,,,,,,,,
,洗面器（金属製）,,,7,,○,×,,,,,,,,
,洗面台,,,,許可業者に処理を依頼してください。,×,×,,,,,,,,
,線香の箱,,,10,（臭いがついているため）,○,○,,,,,,,,
,掃除機,,,7,,○,×,,,,,,,,
,双眼鏡,,,11,,○,○,,,,,,,,
,造花,,,10,,○,○,,,,,,,,
,ソファー,,,,許可業者に処理を依頼してください。,×,×,,,,,,,,
,そり（プラスチック製）,,,,,×,○,,,,,,,,
,そろばん,,,10,,○,○,,,,,,,,
,体温計（水銀式）,,,12,,○,○,,,,,,,,
,体温計（デジタル式）,,,11,,○,○,,,,,,,,
,体重計,,,7,,○,×,,,,,,,,
,タイヤ,,,,販売店、または許可業者に処理を依頼してください。,×,×,,,,,,,,
,タイヤチェーン（金属製）,,,7,,○,×,,,,,,,,
,タイヤチェーン（ゴム製・プラスチック製）,,,,,×,○,,,,,,,,
,太陽熱温水器（屋根置き）,,,,販売店、または許可業者に処理を依頼してください。,×,×,,,,,,,,
,タイル,,,11,,○,○,,,,,,,,
,竹,,,8,,○,○,,,,,,,,
,畳,,,,１日８枚までクリーンセンターに持ち込めます。それ以外は許可業者に処理を依頼してください。,×,○,,,,,,,,
,タッパー（密閉式プラスチック容器）,,,10,,○,○,,,,,,,,
,脱臭剤,,,10,,○,○,,,,,,,,
,たらい（プラスチック製）,,,10,指定袋に入らない場合はクリーンセンターへ持ち込んでください。,○,○,,,,,,,,
,たらい（ブリキ製）,,,7,,○,×,,,,,,,,
,たわし（亀の子、ビニール製）,,,10,,○,○,,,,,,,,
,たわし（金属製）,,,11,,○,○,,,,,,,,
,タンス,,,,許可業者に処理を依頼するか、板状にした場合はクリーンセンターに持ち込んでください。,×,○,,,,,,,,
,ダンボール,,,2,,○,×,,,,,,,,
,チャイルドシート,,,,,×,○,,,,,,,,
,茶わん,,,11,,○,○,,,,,,,,
,調味料容器（ガラス製）,,,6,,○,×,バーベキュー,,,,,,,
,調味料容器（プラスチック製）,,,1,,○,×,バーベキュー,,,,,,,
,注射器,,,,特別な処理をするごみとなります。医師あるいは販売店へ相談してください。,×,×,,,,,,,,
,注射針,,,,特別な処理をするごみとなります。医師あるいは販売店へ相談してください。,×,×,,,,,,,,
,使い捨てカイロ,,,10,,○,○,,,,,,,,
,使い捨てライター,,,11,中のガスを完全に使い切ってください。,○,○,バーベキュー,,,,,,,
,机（木製）,,,,許可業者に処理を依頼するか、板状にした場合はクリーンセンターに持ち込んでください。,×,○,,,,,,,,
,机（金属製）,,,,許可業者に処理を依頼してください。,×,×,,,,,,,,
,漬物石,,,,許可業者に処理を依頼してください。,×,×,,,,,,,,
,積み木,,,10,,○,○,,,,,,,,
,爪切り（金属製）,,,7,,○,×,,,,,,,,
,ＤＶＤ（メディア）,,,10,,○,○,,,,,,,,
,ＤＶＤのケース（プラスチック製）,,,10,,○,○,,,,,,,,
,ＤＶＤプレイヤー,,,7,,○,×,,,,,,,,
,テーブル（木製）,,,,許可業者に処理を依頼するか、板状にした場合はクリーンセンターに持ち込んでください。,×,○,,,,,,,,
,鉄板（バーベキュー用等）,,,7,１ｍ以上のものは許可業者に処理を依頼してください。,○,×,バーベキュー,,,,,,,
,鉄瓶,,,7,,○,×,,,,,,,,
,鉄筋,,,7,,○,×,,,,,,,,
,テレビ（ブラウン管）,,,,家電リサイクル法対象家電（11ページ参照）,×,×,,,,,,,,
,テレビ（液晶）,,,,家電リサイクル法対象家電（11ページ参照）,×,×,,,,,,,,
,テレビ台（木製）,,,,許可業者に処理を依頼するか、板状にした場合はクリーンセンターに持ち込んでください。,×,○,,,,,,,,
,テレビゲーム,,,7,,○,×,,,,,,,,
,テレビ台（金属製）,,,,許可業者に処理を依頼してください。,×,×,,,,,,,,
,テント,,,,許可業者に処理を依頼してください。,×,×,,,,,,,,
,電気温水器（タンク）,,,,許可業者に処理を依頼してください。,×,×,,,,,,,,
,電気カーペット,,,7,コントローラー部は小型家電類として出してください。カーペット部はクリーンセンターへ持ち込んでください。,○,○,,,,,,,,
,電気釜,,,7,,○,×,,,,,,,,
,電気かみそり,,,7,,○,×,,,,,,,,
,電気コード,,,7,,○,×,,,,,,,,
,電気スタンド,,,7,,○,×,,,,,,,,
,電気ポット,,,7,,○,×,,,,,,,,
,電気毛布・敷布（コントローラー部）,,,7,,○,×,,,,,,,,
,電球電球型蛍光管を除く）,,,11,中がフィラメント状のものに限ります。,○,○,,,,,,,,
,電球型蛍光管,,,12,,○,○,,,,,,,,
,電子オルガン,,,,許可業者に処理を依頼してください。,×,×,,,,,,,,
,電子レンジ,,,7,,○,×,,,,,,,,
,電卓,,,11,電池を取り外して出してください。,○,×,,,,,,,,
,電池,,,12,乾電池、マンガン電池、アルカリ電池、リチウム電池（コイン型を含む）、ボタン電池,○,×,,,,,,,,
,電動アシスト自転車,,,,許可業者または販売店に処理を依頼してください。,×,×,,,,,,,,
,電動車椅子,,,,許可業者または販売店に処理を依頼してください。,×,×,,,,,,,,
,電動工具,,,7,,○,×,,,,,,,,
,電話機（家庭用）,,,7,電池を取り外して出してください。,○,×,,,,,,,,
,電話帳,,,2,ＮＴＴの回収に出すか、雑誌の分類で出してください。,○,×,,,,,,,,
,トイレットペーパーの芯,,,2,その他紙類の分類で出してください。,○,×,,,,,,,,
,陶磁器,,,11,指定袋に入らない場合は、クリーンセンターへ持ち込んでください。,○,○,,,,,,,,
,動物の死体,,,,ビニール袋に入れ、長さ５０ｃｍ×幅３４ｃｍ×高さ２１ｃｍのダンボール箱に入れクリーンセンターへ持ち込んでください。,×,○,,,,,,,,
,時計（腕時計）,,,11,電池を取り外して出してください。,○,○,,,,,,,,
,時計（柱・壁掛け・置き）,,,11,電池を取り外して出してください。,○,○,,,,,,,,
,灯油,,,,許可業者に処理を依頼してください。,×,×,,,,,,,,
,トースター,,,7,,○,×,,,,,,,,
,土砂,,,,許可業者に処理を依頼してください。,×,×,,,,,,,,
,戸棚,,,,許可業者に処理を依頼してください。,×,×,,,,,,,,
,土鍋,,,11,指定袋に入らない場合はクリーンセンターへ持ち込んでください。,○,○,,,,,,,,
,ドライヤー,,,7,,○,×,,,,,,,,
,ドラム缶,,,,許可業者に処理を依頼してください。,×,×,,,,,,,,
,鳥かご,,,7,,○,×,,,,,,,,
,塗料,,,,許可業者に処理を依頼してください。,×,×,,,,,,,,
,塗料の缶,,,4,残りが取れない場合は、うめたてごみで出してください。,○,×,,,,,,,,
,トレイ（発泡スチロール・プラスチック製）,,,1,スーパー等の店頭回収へも出せます。,○,×,バーベキュー,,,,,,,
,トレイの包装ラップ,,,1,汚れが取れないものは、もえるごみで出してください。,○,○,バーベキュー,,,,,,,
,トレイの吸水シート,,,10,,○,○,バーベキュー,,,,,,,
,トロフィー（プラスチック製）,,,10,指定袋に入らない場合は、クリーンセンターへ持ち込んでください。,○,○,,,,,,,,
,ナイフ,ないふ,,7,,○,×,バーベキュー,,,,,,,
,流し台,,,,許可業者へ処理を依頼してください。,×,×,,,,,,,,
,なべ,,,7,,○,×,,,,,,,,
,波板（塩ビ系のもの）,,,,１日８枚までクリーンセンターに持ち込めます。それ以外は許可業者に処理を依頼してください。,×,○,,,,,,,,
,波板（トタン板）,,,,許可業者に持ち込んでください。,×,×,,,,,,,,
,縄,,,10,指定袋に入らないものは、クリーンセンターへ持ち込んでください。,○,○,,,,,,,,
,人形布製・プラスチック製）,,,10,指定袋に入らないものは、クリーンセンターへ持ち込んでください。,○,○,,,,,,,,
,人形のケース（ガラス製）,,,11,指定袋に入らないものは、クリーンセンターへ持ち込んでください。,○,○,,,,,,,,
,ぬいぐるみ,,,10,指定袋に入らないものは、クリーンセンターへ持ち込んでください。,○,○,,,,,,,,
,猫の砂（砂）,,,10,汚物は、し尿として処理し、砂を一回に出す量は小分けして出してください。,○,○,,,,,,,,
,ネジ（金属製）,,,7,缶などにまとめて入れ、内容を明記して出してください。,○,×,,,,,,,,
,寝袋,,,10,指定袋に入らない場合は、クリーンセンターへ持ち込んでください。,○,○,,,,,,,,
,粘土（教材用）,,,10,,○,○,,,,,,,,
,燃料,ねんりょう,,,購入先、または許可業者へ処理を依頼してください。,×,×,バーベキュー,ガス,コンロ,ボンベ,,,,
,農機具（機械全て）,,,,購入先、または許可業者へ処理を依頼してください。,×,×,,,,,,,,
,農業用ビニール,,,,購入先、または許可業者へ処理を依頼してください。,×,×,,,,,,,,
,農薬,,,,購入先、または許可業者へ処理を依頼してください。,×,×,,,,,,,,
,農薬の缶,,,,購入先、または許可業者へ処理を依頼してください。,×,×,,,,,,,,
,農薬のびん,,,,購入先、または許可業者へ処理を依頼してください。,×,×,,,,,,,,
,のこぎり,,,7,,○,×,,,,,,,,
,灰,はい,,12,クリーンセンターへ持ち込んでください。,×,○,バーベキュー,炭,,,,,,
,バイク,,,,販売店に処理を依頼してください。（１２ページ参照）,×,×,,,,,,,,
,パイプイス,,,7,,○,×,,,,,,,,
,はかり（金属製）,,,7,家庭用の小型軽量はかりに限ります。,○,×,,,,,,,,
,はかり（複合素材）,,,11,指定袋に入らない場合は、クリーンセンターへ持ち込んでください。,○,○,,,,,,,,
,バケツ（金属製）,,,7,,○,×,,,,,,,,
,バケツ（プラスチック製）,,,10,指定袋に入らない場合は、クリーンセンターへ持ち込んでください。,○,○,,,,,,,,
,はさみ,,,7,,○,×,,,,,,,,
,はしご（金属製）,,,,許可業者へ処理を依頼してください。,×,×,,,,,,,,
,はしご（木製）,,,,許可業者に依頼するか、１メートル以内にこわした場合はクリーンセンターへ持ち込んでください。,×,○,,,,,,,,
,パソコン（ノート・デスクトップ）,,,,各製造メーカーにお問合せください（12ページ参照）,×,×,,,,,,,,
,発煙筒,,,,許可業者に処理を依頼してください。,×,×,,,,,,,,
,肌着,,,5,,○,×,,,,,,,,
,パジャマ,,,5,,○,×,,,,,,,,
,バスタオル,,,5,,○,×,,,,,,,,
,バッテリーバイクや自動車）,,,,販売店に処理を依頼してください。,×,×,,,,,,,,
,バッテリー（充電式）,,,12,,○,○,,,,,,,,
,バット（木製）,,,,,×,○,,,,,,,,
,バット（金属）,,,7,,○,×,,,,,,,,
,発泡スチロール類,はっぽうすちろーる,,1,汚れたものは壊してクリーンセンターへ持ち込んでください。,○,○,バーベキュー,梱包,,,,,,
,花火（未使用のもの）,はなび,,,一度水につけ、クリーンセンターへ持ち込んでください。,×,○,バーベキュー,,,,,,,
,花火（使用済みのもの）,はなび,,10,一度水につけ、完全に消化を確認して出してください。,○,○,バーベキュー,,,,,,,
,刃物,はもの,,7,,○,×,バーベキュー,包丁,ナイフ,ハサミ,,,,
,ハーモニカ（金属製）,,,7,,○,×,,,,,,,,
,針,,,7,,○,×,,,,,,,,
,針金,,,7,,○,×,,,,,,,,
,ハンガー（針金、金属製）,,,7,被覆してあるビニールは取り除く必要はありません。,○,×,,,,,,,,
,ハンガー（プラスチック、木製）,,,10,,○,○,,,,,,,,
,ハンドバック,,,10,,○,○,,,,,,,,
,パンフレット,,,2,本、雑誌の区分として、しばって出してください。,○,×,,,,,,,,
,ピアノ,,,,販売店、または許可業者に処理を依頼してください。,×,×,,,,,,,,
,ビールびん,びーるびんのせん,,6,,○,×,バーベキュー,キリン,酒,,,,,
,ビールびんの栓,びーるびんのせん,,7,,○,×,バーベキュー,キリン,酒,ふた,,,,
,ビデオテープ,,,10,,○,○,,,,,,,,
,ビデオカメラ,,,7,,○,×,,,,,,,,
,ビデオデッキ,,,7,,○,×,,,,,,,,
,ビニールハウスのパイプ,,,,許可業者へ持ち込んでください。,×,×,,,,,,,,
,火鉢,,,11,指定袋に入らない場合は、クリーンセンターへ持ち込んでください。,○,○,,,,,,,,
,百科事典,,,2,雑誌の区分として出してください。布張りなどの表紙は取り除いて、もえるごみとして出してください。,○,×,,,,,,,,
,肥料袋家庭菜園用に限る）,,,10,,○,○,,,,,,,,
,肥料袋（農業用）,,,,許可業者に処理を依頼してください。,×,×,,,,,,,,
,布団,,,,クリーンセンターへ持ち込んでください。,×,○,,,,,,,,
,布団カバー,,,5,,○,×,,,,,,,,
,ファックス本体,,,7,,○,×,,,,,,,,
,ファックス用紙（感熱紙）,,,10,,○,○,,,,,,,,
,ファックス用紙（普通紙）,,,2,その他紙類の分類で出してください。,○,×,,,,,,,,
,ファンヒーター石油・ガス）,,,7,必ず灯油を抜いて出してください。サイズを確認してください。（５ページ参照）,○,×,,,,,,,,
,フィルム（ネガ）,,,7,外側金属部は資源物（その他金属）で、中のフィルムはもえるごみとして出してください。,○,○,,,,,,,,
,フィルムの外箱,,,2,その他紙類の分類で出してください。,○,×,,,,,,,,
,フィルムの筒型ケース,,,1,,○,×,,,,,,,,
,フォーク（金属製）,,,7,,○,×,,,,,,,,
,フォーク（プラスチック製）,ふぉーく,,10,,○,○,バーベキュー,食器,,,,,,
,フライパン,,,7,,○,×,,,,,,,,
,ブラインド（金属製）,,,,許可業者へ持ち込んでください。,×,×,,,,,,,,
,プランター（園芸用）,,,10,指定袋に入らない場合は、クリーンセンターへ持ち込んでください。,○,○,,,,,,,,
,プリンター,,,7,,○,×,,,,,,,,
,ブルーシート,ぶるーしーと,,,,×,○,バーベキュー,,,,,,,
,風呂釜,,,,許可業者に処理を依頼してください。,×,×,,,,,,,,
,風呂のふた（プラスチック製）,,,,,×,○,,,,,,,,
,風呂のふた（木製）,,,,許可業者に依頼するか、板状にしてクリーンセンターへ持ち込んでください。,×,○,,,,,,,,
,風呂のマット,,,10,指定袋に入らないものは、クリーンセンターへ持ち込んでください。,○,○,,,,,,,,
,フロッピーディスク,,,10,金属部は資源物（その他金属）で出してください。,○,○,,,,,,,,
,ブロック（コンクリート製）,,,,許可業者に処理を依頼してください。,×,×,,,,,,,,
,プロパンガスボンベ,,,,販売店に処理を依頼してください。,×,×,,,,,,,,
,噴霧器（金属製手動式）,,,7,,○,×,,,,,,,,
,ヘアブラシ（プラスチック製）,,,10,,○,○,,,,,,,,
,ヘッドホン,,,7,,○,×,,,,,,,,
,ベッド,,,,許可業者に処理を依頼してください。,×,×,,,,,,,,
,ベッド（マット）,,,,許可業者に処理を依頼してください。,×,×,,,,,,,,
,ベビーカー,,,,,×,○,,,,,,,,
,ヘルスメーター,,,7,,○,×,,,,,,,,
,ヘルメット（バイク・自転車用）,,,11,,○,○,,,,,,,,
,ベルト,,,10,金具は取り除きその他金属で出してください。,○,○,,,,,,,,
,ペンキ,,,,許可業者に処理を依頼してください。,×,×,,,,,,,,
,ペンキの空き缶,,,4,内容物をふき取り、缶類としてステーションの回収容器へ入れてください。,○,×,,,,,,,,
,便器,,,,許可業者に処理を依頼してください。,×,×,,,,,,,,
,便座（電気）,,,7,,○,×,,,,,,,,
,ホイール（車用）鉄・アルミ製,,,7,タイヤを外して出してください。タイヤを外せない場合は、販売店または許可業者へ処理を依頼してください。,○,×,,,,,,,,
,ホイールキャップ（プラスチック製）,,,10,指定袋に入らない場合は、クリーンセンターへ持ち込んでください。,○,○,,,,,,,,
,ホイールキャップ（金属製）,,,7,,○,×,,,,,,,,
,ボイラー,,,,許可業者に処理を依頼してください。,×,×,,,,,,,,
,ほうき（木製・プラスチック製）,,,10,指定袋に入らない場合は、クリーンセンターへ持ち込んでください。,○,○,,,,,,,,
,保温ランチジャー,,,11,指定袋に入らない場合は、クリーンセンターへ持ち込んでください。,○,○,,,,,,,,
,包丁,,,7,,○,×,,,,,,,,
,ホース,,,10,指定袋に入らない場合は、クリーンセンターへ持ち込んでください。,○,○,,,,,,,,
,ポータブルトイレ,,,,,×,○,,,,,,,,
,ボーリングの玉,,,,,×,○,,,,,,,,
,ボール（野球・バレーボール等）,,,10,指定袋に入らない場合は、クリーンセンターへ持ち込んでください。,○,○,,,,,,,,
,ホーローなべ,,,7,,○,×,,,,,,,,
,ポット（中ステンレス）,,,7,外側が金属で中がステンレスのものに限ります。,○,×,,,,,,,,
,ポット（中ガラス）,,,11,,○,○,,,,,,,,
,ホットカーペット,,,7,コントローラー部は小型家電類として出してください。カーペット部はもえるごみとして出してください。,○,×,,,,,,,,
,ホットプレート,,,7,,○,×,,,,,,,,
,哺乳びん（ガラス製）,,,11,,○,○,,,,,,,,
,哺乳びん（プラスチック製）,,,10,,○,○,,,,,,,,
,ポリタンク,,,,,×,○,,,,,,,,
,ポロシャツ,,,5,,○,×,,,,,,,,
,保冷剤,ほれいざい,,10,,○,○,バーベキュー,,,,,,,
,ポンプ金属製自転車用）,,,7,,○,×,,,,,,,,
,マイク,,,11,,○,○,,,,,,,,
,マッサージ機（大型）,,,,許可業者に処理を依頼してください。,×,×,,,,,,,,
,マットレス,,,10,指定袋に入らないものは、クリーンセンターへ持ち込んでください。,○,○,,,,,,,,
,水・油性マジックペン（プラスチック製）,,,10,,○,○,,,,,,,,
,水・油性マジックペン金属製）,,,11,,○,○,,,,,,,,
,マージャンパイ,,,11,,○,○,,,,,,,,
,まくら,,,10,指定袋に入らないものは、クリーンセンターへ持ち込んでください。,○,○,,,,,,,,
,まくらカバー,,,5,,○,×,,,,,,,,
,マグネット（磁石）,,,11,,○,○,,,,,,,,
,まな板（木製）,,,10,指定袋に入らないものは、クリーンセンターへ持ち込んでください。,○,○,,,,,,,,
,まな板（プラスチック製）,,,10,指定袋に入らないものは、クリーンセンターへ持ち込んでください。,○,○,,,,,,,,
,マニキュアのびん,,,6,必ず使い切ってください。汚れの取れない場合は、うめたてごみで出してください。,○,×,,,,,,,,
,魔法瓶,,,11,,○,○,,,,,,,,
,豆電球,,,11,,○,○,,,,,,,,
,マルチ家庭菜園用に限る）,,,10,,×,○,,,,,,,,
,万年筆,,,11,,○,○,,,,,,,,
,ミキサー,,,7,,○,×,,,,,,,,
,ミシン（電動）,,,7,,○,×,,,,,,,,
,むしろ,,,,,×,○,,,,,,,,
,めがね,,,11,,○,○,,,,,,,,
,メモ紙,,,2,その他紙類の分類で出してください。,○,×,,,,,,,,
,毛布,,,5,,○,○,,,,,,,,
,もちつき機,,,7,,○,×,,,,,,,,
,物干し竿（金属製）,,,,許可業者に処理を依頼してください。,×,×,,,,,,,,
,物干し用ブロック,,,,許可業者に処理を依頼してください。,×,×,,,,,,,,
,やかん,,,7,,○,×,,,,,,,,
,雪かき（プラスチック製）,,,,,×,○,,,,,,,,
,浴衣（ゆかた）,,,5,,○,○,,,,,,,,
,ゆたんぽ（金属製）,,,7,,○,×,,,,,,,,
,ゆたんぽ（プラスチック製）,,,10,指定袋に入らないものは、クリーンセンターへ持ち込んでください。,○,○,,,,,,,,
,ゆりかご,,,,,×,○,,,,,,,,
,洋服ダンス,,,,許可業者に処理を依頼するか、板状にした場合はクリーンセンターに持ち込んでください。,×,○,,,,,,,,
,浴槽,,,,許可業者に処理を依頼してください。,×,×,,,,,,,,
,よしず,,,,,×,○,,,,,,,,
,ライター（使いきり型）,,,11,ガスは使い切ってください。,○,○,,,,,,,,
,ライター（金属製）,,,7,ガスは使い切ってください。,○,×,,,,,,,,
,ラケット（金属製）,,,7,,○,×,,,,,,,,
,ラケット（木製）,,,10,,○,○,,,,,,,,
,ラジオ,,,7,,○,×,,,,,,,,
,ラジカセ,,,7,,○,×,,,,,,,,
,ランチジャー,,,7,,○,×,,,,,,,,
,ランドセル,,,10,,○,○,,,,,,,,
,リュックサック,,,10,,○,○,,,,,,,,
,リモコン（テレビ用等）,,,11,,○,○,,,,,,,,
,リール（釣具）,,,7,,○,×,,,,,,,,
,冷蔵庫（家庭用）,,,,家電リサイクル法対象家電（11ページ参照）,×,×,,,,,,,,
,冷凍庫（家庭用）,,,,家電リサイクル法対象家電（11ページ参照）,×,×,,,,,,,,
,冷凍保存パック,,,10,,○,○,,,,,,,,
,レインコート,れいんこーと,,10,,○,○,雨,,,,,,,
,レコード盤,,,10,,○,○,,,,,,,,
,レジ袋,,,1,,○,×,,,,,,,,
,レジャーシート,,,10,,○,○,,,,,,,,
,レンガ,,,,許可業者に処理を依頼してください。,×,×,,,,,,,,
,レンズ,,,11,,○,○,,,,,,,,
,ロープ,,,10,長さ５０ｃｍ程度に切断して、出してください。,○,○,,,,,,,,
,ローラースケート,,,11,,○,○,,,,,,,,
,ワイシャツ,,,5,,○,×,,,,,,,,
,ワイヤー,,,7,,○,×,,,,,,,,
,ワープロ,,,7,,○,×,,,,,,,,
,割れたガラスびん,,,11,,○,○,,,,,,,,
,ワンピース,,,5,,○,×,,,,,,,,
